[
  {
    "courseName": "היכרות עם React",
    "courseDate": "2023-08-01",
    "courseStatus": "פעיל",
    "description": "למד את היסודות של React.js ובנה אפליקציות אינטרנט דינמיות.",
    "profile": {
      "ID": 1,
      "FirstName": "ג'ון",
      "LastName": "דו"
    }
  },
  {
    "courseName": "יסודות JavaScript",
    "courseDate": "2023-08-10",
    "courseStatus": "פעיל",
    "description": "למד את היסודות של שפת התכנות JavaScript.",
    "profile": {
      "ID": 2,
      "FirstName": "אליס",
      "LastName": "סמית'"
    }
  },
  {
    "courseName": "יסודות Node.js",
    "courseDate": "2023-08-15",
    "courseStatus": "לא פעיל",
    "description": "למד את היסודות של פיתוח צד שרת בעזרת Node.js.",
    "profile": {
      "ID": 3,
      "FirstName": "בוב",
      "LastName": "ג'ונסון"
    }
  },
  {
    "courseName": "מאסטרים ב-HTML ו-CSS",
    "courseDate": "2023-08-20",
    "courseStatus": "פעיל",
    "description": "הפוך למיומן ב-HTML וב-CSS לפיתוח אתרים.",
    "profile": {
      "ID": 4,
      "FirstName": "שרה",
      "LastName": "בראון"
    }
  },
  {
    "courseName": "Python למתחילים",
    "courseDate": "2023-08-25",
    "courseStatus": "פעיל",
    "description": "התחל עם תכנות ב-Python מאפס.",
    "profile": {
      "ID": 5,
      "FirstName": "מייקל",
      "LastName": "ווילסון"
    }
  },
  {
    "courseName": "פיתוח אפליקציות נייטיביות ב-React Native",
    "courseDate": "2023-08-30",
    "courseStatus": "פעיל",
    "description": "למד לבנות אפליקציות נייטיביות קרוס-פלטפורמה עם React Native.",
    "profile": {
      "ID": 6,
      "FirstName": "אמה",
      "LastName": "לי"
    }
  },
  {
    "courseName": "עקרונות בסיסיים ב-Angular",
    "courseDate": "2023-09-05",
    "courseStatus": "פעיל",
    "description": "גלה את עקרונות הבסיסיים ב-Angular לפיתוח אפליקציות אינטרנט.",
    "profile": {
      "ID": 7,
      "FirstName": "דיוויד",
      "LastName": "מילר"
    }
  },
  {
    "courseName": "Vue.js לפיתוח קדמי",
    "courseDate": "2023-09-10",
    "courseStatus": "פעיל",
    "description": "חקור את הספריית Vue.js לבניית אפליקציות קדמיות אינטרקטיביות.",
    "profile": {
      "ID": 8,
      "FirstName": "סופיה",
      "LastName": "אנדרסון"
    }
  },
  {
    "courseName": "יסודות Java",
    "courseDate": "2023-09-15",
    "courseStatus": "לא פעיל",
    "description": "קבל בסיס יציב בשפת התכנות Java.",
    "profile": {
      "ID": 9,
      "FirstName": "איתן",
      "LastName": "טיילור"
    }
  },
  {
    "courseName": "יסודות C#",
    "courseDate": "2023-09-20",
    "courseStatus": "פעיל",
    "description": "למד את היסודות של שפת התכנות C#.",
    "profile": {
      "ID": 10,
      "FirstName": "אוליביה",
      "LastName": "תומס"
    }
  },
  {
    "courseName": "היכרות מהירה עם Ruby on Rails",
    "courseDate": "2023-09-25",
    "courseStatus": "פעיל",
    "description": "צפה במבוא מהיר אל Ruby on Rails לפיתוח אתרים.",
    "profile": {
      "ID": 11,
      "FirstName": "ג'יימס",
      "LastName": "ג'קסון"
    }
  },
  {
    "courseName": "ניהול מסדי נתונים ב-SQL",
    "courseDate": "2023-09-30",
    "courseStatus": "פעיל",
    "description": "למד לנהל ולשאילת מסדי נתונים ב-SQL בצורה יעילה.",
    "profile": {
      "ID": 12,
      "FirstName": "אבה",
      "LastName": "ווייט"
    }
  },
  {
    "courseName": "מדע נתונים עם Python",
    "courseDate": "2023-10-05",
    "courseStatus": "פעיל",
    "description": "גלה מושגים וכלים למדע נתונים באמצעות Python.",
    "profile": {
      "ID": 13,
      "FirstName": "נואה",
      "LastName": "האריס"
    }
  },
  {
    "courseName": "יסודות למידת מכונה",
    "courseDate": "2023-10-10",
    "courseStatus": "פעיל",
    "description": "התחל עם היסודות של למידת מכונה.",
    "profile": {
      "ID": 14,
      "FirstName": "מיה",
      "LastName": "מרטינז"
    }
  },
  {
    "courseName": "עקרונות בסיסיים בבינה מלאכותית",
    "courseDate": "2023-10-15",
    "courseStatus": "לא פעיל",
    "description": "גלה את העקרונות והיישומים של הבינה המלאכותית.",
    "profile": {
      "ID": 15,
      "FirstName": "ליאם",
      "LastName": "רובינסון"
    }
  },
  {
    "courseName": "יסודות אבטחת רשתות",
    "courseDate": "2023-10-20",
    "courseStatus": "פעיל",
    "description": "למד את היסודות של אבטחת רשתות ופרוטוקולים.",
    "profile": {
      "ID": 16,
      "FirstName": "איזבלה",
      "LastName": "קלארק"
    }
  },
  {
    "courseName": "טכניקות האקינג ובדיקות חוקיות",
    "courseDate": "2023-10-25",
    "courseStatus": "פעיל",
    "description": "חקור טכניקות האקינג האתי ובדיקות חוקיות.",
    "profile": {
      "ID": 17,
      "FirstName": "מייסון",
      "LastName": "לואיס"
    }
  },
  {
    "courseName": "יסודות לגישת הענן של AWS",
    "courseDate": "2023-10-30",
    "courseStatus": "פעיל",
    "description": "התחל עם גישה לענן באמצעות שירותי Amazon Web Services.",
    "profile": {
      "ID": 18,
      "FirstName": "גרייס",
      "LastName": "ווקר"
    }
  },
  {
    "courseName": "אסטרטגיות שיווק לאפליקציות ניידות",
    "courseDate": "2023-11-05",
    "courseStatus": "פעיל",
    "description": "למד אסטרטגיות שיווק יעילות לאפליקציות ניידות.",
    "profile": {
      "ID": 19,
      "FirstName": "לוגן",
      "LastName": "יונג"
    }
  },
  {
    "courseName": "עקרונות עיצוב UI/UX",
    "courseDate": "2023-11-10",
    "courseStatus": "פעיל",
    "description": "גלה את עקרונות עיצוב ממשק משתמש וחוויית משתמש.",
    "profile": {
      "ID": 20,
      "FirstName": "לילי",
      "LastName": "סקוט"
    }
  }
]
